{
  "urls": [
    "ch3.mp3",
    "ch3.ogg",
    "ch3.m4a"
  ],
  "sprite": {
    "BetMax": [
      0,
      1202.5170068027212
    ],
    "WinningNumberSelect": [
      2500,
      399.9999999999999
    ]
  }
}