{
  "urls": [
    "ch1.mp3",
    "ch1.ogg",
    "ch1.m4a"
  ],
  "sprite": {
    "BetDown": [
      0,
      760.7482993197278
    ],
    "Match": [
      1500,
      2594.69387755102
    ],
    "MusicTermLose": [
      5000,
      2627.8004535147393
    ],
    "MusicTermWin": [
      8500,
      3906.7573696145123
    ]
  }
}